{"frames":{"New Piskel0.png":{"frame":{"x":0,"y":0,"w":120,"h":156},"rotated":false,"trimmed":false,"spriteSourceSize":{"x":0,"y":0,"w":120,"h":156},"sourceSize":{"w":120,"h":156}},"New Piskel1.png":{"frame":{"x":120,"y":0,"w":120,"h":156},"rotated":false,"trimmed":false,"spriteSourceSize":{"x":0,"y":0,"w":120,"h":156},"sourceSize":{"w":120,"h":156}},"New Piskel2.png":{"frame":{"x":240,"y":0,"w":120,"h":156},"rotated":false,"trimmed":false,"spriteSourceSize":{"x":0,"y":0,"w":120,"h":156},"sourceSize":{"w":120,"h":156}},"New Piskel3.png":{"frame":{"x":0,"y":156,"w":120,"h":156},"rotated":false,"trimmed":false,"spriteSourceSize":{"x":0,"y":0,"w":120,"h":156},"sourceSize":{"w":120,"h":156}},"New Piskel4.png":{"frame":{"x":120,"y":156,"w":120,"h":156},"rotated":false,"trimmed":false,"spriteSourceSize":{"x":0,"y":0,"w":120,"h":156},"sourceSize":{"w":120,"h":156}}},"meta":{"app":"https://github.com/piskelapp/piskel/","version":"1.0","image":"New Piskel.png","format":"RGBA8888","size":{"w":360,"h":312}}}